datahora,classe,confclasse,principal_cor,principal_confcor,conf_Claro,conf_Escuro,conf_Padrao
2023-09-15 08:36:15,bolacha,0.8770455121994019,Claro,0.9568778276443481,0.9568778276443481,0.021372567862272263,0.021749652922153473
