datahora,classe,confclasse,principal_cor,principal_confcor,conf_Claro,conf_Escuro,conf_Padrao
2023-09-15 08:35:59,bolacha,0.8800764679908752,Padrao,0.9936208128929138,0.0027500903233885765,0.003629122395068407,0.9936208128929138
