datahora,classe,confclasse,principal_cor,principal_confcor,conf_Claro,conf_Escuro,conf_Padrao
2023-09-15 08:40:13,bolacha,0.8640602827072144,Escuro,0.9999985694885254,2.4968436207473133e-09,0.9999985694885254,1.4797986978010158e-06
