datahora,classe,confclasse,principal_cor,principal_confcor,conf_Claro,conf_Escuro,conf_Padrao
2023-09-14 17:22:19,bolacha,0.878930926322937,Padrao,0.9402896761894226,0.059171129018068314,0.000539179949555546,0.9402896761894226
