datahora,classe,confclasse,principal_cor,principal_confcor,conf_Claro,conf_Escuro,conf_Padrao
2023-09-15 08:26:53,bolacha,0.865009605884552,Padrao,0.9876707792282104,0.0031135352328419685,0.009215731173753738,0.9876707792282104
