datahora,classe,confclasse,principal_cor,principal_confcor,conf_Claro,conf_Escuro,conf_Padrao
2023-09-14 11:54:28,bolacha,0.698870837688446,Padrao,0.9623121619224548,0.03760487586259842,8.294952567666769e-05,0.9623121619224548
