datahora,classe,confclasse,principal_cor,principal_confcor,conf_Claro,conf_Escuro,conf_Padrao
2023-09-15 08:32:23,bolacha,0.8805955648422241,Padrao,0.8853050470352173,0.07409853488206863,0.04059643670916557,0.8853050470352173
