datahora,classe,confclasse,principal_cor,principal_confcor,conf_Claro,conf_Escuro,conf_Padrao
2023-09-15 08:28:53,bolacha,0.7500592470169067,Padrao,0.9955710768699646,0.003480789717286825,0.0009481399902142584,0.9955710768699646
