datahora,classe,confclasse,principal_cor,principal_confcor,conf_Claro,conf_Escuro,conf_Padrao
2023-09-14 11:54:43,bolacha,0.902727484703064,Escuro,0.9993330836296082,0.0005051563493907452,0.9993330836296082,0.00016176314966287464
