datahora,classe,confclasse,principal_cor,principal_confcor,conf_Claro,conf_Escuro,conf_Padrao
2023-09-14 11:54:33,bolacha,0.8113610148429871,Padrao,0.9757757782936096,0.024210793897509575,1.341426104772836e-05,0.9757757782936096
