datahora,classe,confclasse,principal_cor,principal_confcor,conf_Claro,conf_Escuro,conf_Padrao
2023-09-14 11:55:43,bolacha,0.8909643888473511,Claro,0.9847188591957092,0.9847188591957092,0.010273690335452557,0.005007576663047075
